-- School Cup 2026 — seed data (generated from src/data/*.ts)
-- Idempotent: safe to re-run. Run AFTER schema.sql + policies.sql.
-- Regenerate with: node --experimental-strip-types supabase/generate-seed.mts

begin;

-- teams
insert into public.teams (id, name, "group", gender, logo, color) values ('PrE(A)', 'PrE(A)', 'A', 'Male', 'https://res.cloudinary.com/dw7kk0lvp/image/upload/v1782748741/PrE_rz6frk.jpg', '#e24938ff') on conflict (id) do update set name = excluded.name, "group" = excluded."group", gender = excluded.gender, logo = excluded.logo, color = excluded.color;
insert into public.teams (id, name, "group", gender, logo, color) values ('IS(A)', 'IS(A)', 'A', 'Male', 'https://res.cloudinary.com/dw7kk0lvp/image/upload/v1782749016/IS_t4dbbs.jpg', '#FFD700') on conflict (id) do update set name = excluded.name, "group" = excluded."group", gender = excluded.gender, logo = excluded.logo, color = excluded.color;
insert into public.teams (id, name, "group", gender, logo, color) values ('AME', 'AME', 'A', 'Male', 'https://res.cloudinary.com/dw7kk0lvp/image/upload/v1782748741/AME_xb4b3q.jpg', '#c7817bff') on conflict (id) do update set name = excluded.name, "group" = excluded."group", gender = excluded.gender, logo = excluded.logo, color = excluded.color;
insert into public.teams (id, name, "group", gender, logo, color) values ('EcE(A)', 'EcE(A)', 'A', 'Male', 'https://res.cloudinary.com/dw7kk0lvp/image/upload/v1782748741/EcE_g4mp5f.jpg', '#e6f4ecff') on conflict (id) do update set name = excluded.name, "group" = excluded."group", gender = excluded.gender, logo = excluded.logo, color = excluded.color;
insert into public.teams (id, name, "group", gender, logo, color) values ('CE_M', 'CE', 'B', 'Male', 'https://res.cloudinary.com/dw7kk0lvp/image/upload/v1782748741/CE_elxpkv.jpg', '#8eccedff') on conflict (id) do update set name = excluded.name, "group" = excluded."group", gender = excluded.gender, logo = excluded.logo, color = excluded.color;
insert into public.teams (id, name, "group", gender, logo, color) values ('EcE(B)', 'EcE(B)', 'B', 'Male', 'https://res.cloudinary.com/dw7kk0lvp/image/upload/v1782748741/EcE_g4mp5f.jpg', '#446ddfff') on conflict (id) do update set name = excluded.name, "group" = excluded."group", gender = excluded.gender, logo = excluded.logo, color = excluded.color;
insert into public.teams (id, name, "group", gender, logo, color) values ('IS(B)', 'IS(B)', 'B', 'Male', 'https://res.cloudinary.com/dw7kk0lvp/image/upload/v1782749016/IS_t4dbbs.jpg', '#8B4513') on conflict (id) do update set name = excluded.name, "group" = excluded."group", gender = excluded.gender, logo = excluded.logo, color = excluded.color;
insert into public.teams (id, name, "group", gender, logo, color) values ('PrE(B)', 'PrE(B)', 'B', 'Male', 'https://res.cloudinary.com/dw7kk0lvp/image/upload/v1782748741/PrE_rz6frk.jpg', '#4ad970ff') on conflict (id) do update set name = excluded.name, "group" = excluded."group", gender = excluded.gender, logo = excluded.logo, color = excluded.color;
insert into public.teams (id, name, "group", gender, logo, color) values ('IS_F', 'IS', 'Female', 'Female', 'https://res.cloudinary.com/dw7kk0lvp/image/upload/v1782749016/IS_t4dbbs.jpg', '#FFD700') on conflict (id) do update set name = excluded.name, "group" = excluded."group", gender = excluded.gender, logo = excluded.logo, color = excluded.color;
insert into public.teams (id, name, "group", gender, logo, color) values ('CE_F', 'CE', 'Female', 'Female', 'https://res.cloudinary.com/dw7kk0lvp/image/upload/v1782748741/CE_elxpkv.jpg', '#8eccedff') on conflict (id) do update set name = excluded.name, "group" = excluded."group", gender = excluded.gender, logo = excluded.logo, color = excluded.color;
insert into public.teams (id, name, "group", gender, logo, color) values ('PrE_F', 'PrE', 'Female', 'Female', 'https://res.cloudinary.com/dw7kk0lvp/image/upload/v1782748741/PrE_rz6frk.jpg', '#e24938ff') on conflict (id) do update set name = excluded.name, "group" = excluded."group", gender = excluded.gender, logo = excluded.logo, color = excluded.color;
insert into public.teams (id, name, "group", gender, logo, color) values ('AME_F', 'AME', 'Female', 'Female', 'https://res.cloudinary.com/dw7kk0lvp/image/upload/v1782748741/AME_xb4b3q.jpg', '#9e9493ff') on conflict (id) do update set name = excluded.name, "group" = excluded."group", gender = excluded.gender, logo = excluded.logo, color = excluded.color;
insert into public.teams (id, name, "group", gender, logo, color) values ('EcE_F', 'EcE', 'Female', 'Female', 'https://res.cloudinary.com/dw7kk0lvp/image/upload/v1782748741/EcE_g4mp5f.jpg', '#e6f4ecff') on conflict (id) do update set name = excluded.name, "group" = excluded."group", gender = excluded.gender, logo = excluded.logo, color = excluded.color;

-- matches
insert into public.matches (id, date, time, team_a, team_b, logo_a, logo_b, "group", gender, status, score_a, score_b, penalty_a, penalty_b, disbanded) values ('1', '2026-06-29', '3:00 PM', 'PrE(A)', 'IS(A)', 'https://res.cloudinary.com/dw7kk0lvp/image/upload/v1782748741/PrE_rz6frk.jpg', 'https://res.cloudinary.com/dw7kk0lvp/image/upload/v1782749016/IS_t4dbbs.jpg', 'A', 'Male', 'finished', 0, 0, null, null, false) on conflict (id) do update set date = excluded.date, time = excluded.time, team_a = excluded.team_a, team_b = excluded.team_b, logo_a = excluded.logo_a, logo_b = excluded.logo_b, "group" = excluded."group", gender = excluded.gender, status = (case when matches.status = 'live' then 'live' else excluded.status end), score_a = excluded.score_a, score_b = excluded.score_b, penalty_a = excluded.penalty_a, penalty_b = excluded.penalty_b, disbanded = excluded.disbanded;
insert into public.matches (id, date, time, team_a, team_b, logo_a, logo_b, "group", gender, status, score_a, score_b, penalty_a, penalty_b, disbanded) values ('2', '2026-06-29', '4:30 PM', 'AME', 'EcE(A)', 'https://res.cloudinary.com/dw7kk0lvp/image/upload/v1782748741/AME_xb4b3q.jpg', 'https://res.cloudinary.com/dw7kk0lvp/image/upload/v1782748741/EcE_g4mp5f.jpg', 'A', 'Male', 'finished', 1, 2, null, null, false) on conflict (id) do update set date = excluded.date, time = excluded.time, team_a = excluded.team_a, team_b = excluded.team_b, logo_a = excluded.logo_a, logo_b = excluded.logo_b, "group" = excluded."group", gender = excluded.gender, status = (case when matches.status = 'live' then 'live' else excluded.status end), score_a = excluded.score_a, score_b = excluded.score_b, penalty_a = excluded.penalty_a, penalty_b = excluded.penalty_b, disbanded = excluded.disbanded;
insert into public.matches (id, date, time, team_a, team_b, logo_a, logo_b, "group", gender, status, score_a, score_b, penalty_a, penalty_b, disbanded) values ('3', '2026-06-29', '6:00 PM', 'IS_F', 'CE_F', 'https://res.cloudinary.com/dw7kk0lvp/image/upload/v1782749016/IS_t4dbbs.jpg', 'https://res.cloudinary.com/dw7kk0lvp/image/upload/v1782748741/CE_elxpkv.jpg', 'Female', 'Female', 'finished', 0, 0, null, null, false) on conflict (id) do update set date = excluded.date, time = excluded.time, team_a = excluded.team_a, team_b = excluded.team_b, logo_a = excluded.logo_a, logo_b = excluded.logo_b, "group" = excluded."group", gender = excluded.gender, status = (case when matches.status = 'live' then 'live' else excluded.status end), score_a = excluded.score_a, score_b = excluded.score_b, penalty_a = excluded.penalty_a, penalty_b = excluded.penalty_b, disbanded = excluded.disbanded;
insert into public.matches (id, date, time, team_a, team_b, logo_a, logo_b, "group", gender, status, score_a, score_b, penalty_a, penalty_b, disbanded) values ('4', '2026-06-30', '3:00 PM', 'CE_M', 'EcE(B)', 'https://res.cloudinary.com/dw7kk0lvp/image/upload/v1782748741/CE_elxpkv.jpg', 'https://res.cloudinary.com/dw7kk0lvp/image/upload/v1782748741/EcE_g4mp5f.jpg', 'B', 'Male', 'finished', 3, 2, null, null, false) on conflict (id) do update set date = excluded.date, time = excluded.time, team_a = excluded.team_a, team_b = excluded.team_b, logo_a = excluded.logo_a, logo_b = excluded.logo_b, "group" = excluded."group", gender = excluded.gender, status = (case when matches.status = 'live' then 'live' else excluded.status end), score_a = excluded.score_a, score_b = excluded.score_b, penalty_a = excluded.penalty_a, penalty_b = excluded.penalty_b, disbanded = excluded.disbanded;
insert into public.matches (id, date, time, team_a, team_b, logo_a, logo_b, "group", gender, status, score_a, score_b, penalty_a, penalty_b, disbanded) values ('5', '2026-06-30', '4:30 PM', 'IS(B)', 'PrE(B)', 'https://res.cloudinary.com/dw7kk0lvp/image/upload/v1782749016/IS_t4dbbs.jpg', 'https://res.cloudinary.com/dw7kk0lvp/image/upload/v1782748741/PrE_rz6frk.jpg', 'B', 'Male', 'finished', 0, 2, null, null, false) on conflict (id) do update set date = excluded.date, time = excluded.time, team_a = excluded.team_a, team_b = excluded.team_b, logo_a = excluded.logo_a, logo_b = excluded.logo_b, "group" = excluded."group", gender = excluded.gender, status = (case when matches.status = 'live' then 'live' else excluded.status end), score_a = excluded.score_a, score_b = excluded.score_b, penalty_a = excluded.penalty_a, penalty_b = excluded.penalty_b, disbanded = excluded.disbanded;
insert into public.matches (id, date, time, team_a, team_b, logo_a, logo_b, "group", gender, status, score_a, score_b, penalty_a, penalty_b, disbanded) values ('6', '2026-06-30', '6:00 PM', 'PrE_F', 'AME_F', 'https://res.cloudinary.com/dw7kk0lvp/image/upload/v1782748741/PrE_rz6frk.jpg', 'https://res.cloudinary.com/dw7kk0lvp/image/upload/v1782748741/AME_xb4b3q.jpg', 'Female', 'Female', 'finished', 0, 0, null, null, false) on conflict (id) do update set date = excluded.date, time = excluded.time, team_a = excluded.team_a, team_b = excluded.team_b, logo_a = excluded.logo_a, logo_b = excluded.logo_b, "group" = excluded."group", gender = excluded.gender, status = (case when matches.status = 'live' then 'live' else excluded.status end), score_a = excluded.score_a, score_b = excluded.score_b, penalty_a = excluded.penalty_a, penalty_b = excluded.penalty_b, disbanded = excluded.disbanded;
insert into public.matches (id, date, time, team_a, team_b, logo_a, logo_b, "group", gender, status, score_a, score_b, penalty_a, penalty_b, disbanded) values ('7', '2026-07-01', '3:00 PM', 'IS(A)', 'EcE(A)', 'https://res.cloudinary.com/dw7kk0lvp/image/upload/v1782749016/IS_t4dbbs.jpg', 'https://res.cloudinary.com/dw7kk0lvp/image/upload/v1782748741/EcE_g4mp5f.jpg', 'A', 'Male', 'finished', 1, 0, null, null, false) on conflict (id) do update set date = excluded.date, time = excluded.time, team_a = excluded.team_a, team_b = excluded.team_b, logo_a = excluded.logo_a, logo_b = excluded.logo_b, "group" = excluded."group", gender = excluded.gender, status = (case when matches.status = 'live' then 'live' else excluded.status end), score_a = excluded.score_a, score_b = excluded.score_b, penalty_a = excluded.penalty_a, penalty_b = excluded.penalty_b, disbanded = excluded.disbanded;
insert into public.matches (id, date, time, team_a, team_b, logo_a, logo_b, "group", gender, status, score_a, score_b, penalty_a, penalty_b, disbanded) values ('8', '2026-07-01', '4:30 PM', 'PrE(A)', 'AME', 'https://res.cloudinary.com/dw7kk0lvp/image/upload/v1782748741/PrE_rz6frk.jpg', 'https://res.cloudinary.com/dw7kk0lvp/image/upload/v1782748741/AME_xb4b3q.jpg', 'A', 'Male', 'finished', 2, 2, null, null, false) on conflict (id) do update set date = excluded.date, time = excluded.time, team_a = excluded.team_a, team_b = excluded.team_b, logo_a = excluded.logo_a, logo_b = excluded.logo_b, "group" = excluded."group", gender = excluded.gender, status = (case when matches.status = 'live' then 'live' else excluded.status end), score_a = excluded.score_a, score_b = excluded.score_b, penalty_a = excluded.penalty_a, penalty_b = excluded.penalty_b, disbanded = excluded.disbanded;
insert into public.matches (id, date, time, team_a, team_b, logo_a, logo_b, "group", gender, status, score_a, score_b, penalty_a, penalty_b, disbanded) values ('9', '2026-07-01', '6:00 PM', 'IS_F', 'EcE_F', 'https://res.cloudinary.com/dw7kk0lvp/image/upload/v1782749016/IS_t4dbbs.jpg', 'https://res.cloudinary.com/dw7kk0lvp/image/upload/v1782748741/EcE_g4mp5f.jpg', 'Female', 'Female', 'finished', 0, 0, null, null, false) on conflict (id) do update set date = excluded.date, time = excluded.time, team_a = excluded.team_a, team_b = excluded.team_b, logo_a = excluded.logo_a, logo_b = excluded.logo_b, "group" = excluded."group", gender = excluded.gender, status = (case when matches.status = 'live' then 'live' else excluded.status end), score_a = excluded.score_a, score_b = excluded.score_b, penalty_a = excluded.penalty_a, penalty_b = excluded.penalty_b, disbanded = excluded.disbanded;
insert into public.matches (id, date, time, team_a, team_b, logo_a, logo_b, "group", gender, status, score_a, score_b, penalty_a, penalty_b, disbanded) values ('10', '2026-07-02', '3:00 PM', 'EcE(B)', 'PrE(B)', 'https://res.cloudinary.com/dw7kk0lvp/image/upload/v1782748741/EcE_g4mp5f.jpg', 'https://res.cloudinary.com/dw7kk0lvp/image/upload/v1782748741/PrE_rz6frk.jpg', 'B', 'Male', 'finished', 1, 1, null, null, false) on conflict (id) do update set date = excluded.date, time = excluded.time, team_a = excluded.team_a, team_b = excluded.team_b, logo_a = excluded.logo_a, logo_b = excluded.logo_b, "group" = excluded."group", gender = excluded.gender, status = (case when matches.status = 'live' then 'live' else excluded.status end), score_a = excluded.score_a, score_b = excluded.score_b, penalty_a = excluded.penalty_a, penalty_b = excluded.penalty_b, disbanded = excluded.disbanded;
insert into public.matches (id, date, time, team_a, team_b, logo_a, logo_b, "group", gender, status, score_a, score_b, penalty_a, penalty_b, disbanded) values ('11', '2026-07-02', '4:30 PM', 'CE_M', 'IS(B)', 'https://res.cloudinary.com/dw7kk0lvp/image/upload/v1782748741/CE_elxpkv.jpg', 'https://res.cloudinary.com/dw7kk0lvp/image/upload/v1782749016/IS_t4dbbs.jpg', 'B', 'Male', 'finished', 3, 1, null, null, false) on conflict (id) do update set date = excluded.date, time = excluded.time, team_a = excluded.team_a, team_b = excluded.team_b, logo_a = excluded.logo_a, logo_b = excluded.logo_b, "group" = excluded."group", gender = excluded.gender, status = (case when matches.status = 'live' then 'live' else excluded.status end), score_a = excluded.score_a, score_b = excluded.score_b, penalty_a = excluded.penalty_a, penalty_b = excluded.penalty_b, disbanded = excluded.disbanded;
insert into public.matches (id, date, time, team_a, team_b, logo_a, logo_b, "group", gender, status, score_a, score_b, penalty_a, penalty_b, disbanded) values ('12', '2026-07-02', '6:00 PM', 'CE_F', 'PrE_F', 'https://res.cloudinary.com/dw7kk0lvp/image/upload/v1782748741/CE_elxpkv.jpg', 'https://res.cloudinary.com/dw7kk0lvp/image/upload/v1782748741/PrE_rz6frk.jpg', 'Female', 'Female', 'finished', 0, 0, null, null, false) on conflict (id) do update set date = excluded.date, time = excluded.time, team_a = excluded.team_a, team_b = excluded.team_b, logo_a = excluded.logo_a, logo_b = excluded.logo_b, "group" = excluded."group", gender = excluded.gender, status = (case when matches.status = 'live' then 'live' else excluded.status end), score_a = excluded.score_a, score_b = excluded.score_b, penalty_a = excluded.penalty_a, penalty_b = excluded.penalty_b, disbanded = excluded.disbanded;
insert into public.matches (id, date, time, team_a, team_b, logo_a, logo_b, "group", gender, status, score_a, score_b, penalty_a, penalty_b, disbanded) values ('13', '2026-07-03', '3:00 PM', 'PrE(A)', 'EcE(A)', 'https://res.cloudinary.com/dw7kk0lvp/image/upload/v1782748741/PrE_rz6frk.jpg', 'https://res.cloudinary.com/dw7kk0lvp/image/upload/v1782748741/EcE_g4mp5f.jpg', 'A', 'Male', 'finished', 1, 0, null, null, false) on conflict (id) do update set date = excluded.date, time = excluded.time, team_a = excluded.team_a, team_b = excluded.team_b, logo_a = excluded.logo_a, logo_b = excluded.logo_b, "group" = excluded."group", gender = excluded.gender, status = (case when matches.status = 'live' then 'live' else excluded.status end), score_a = excluded.score_a, score_b = excluded.score_b, penalty_a = excluded.penalty_a, penalty_b = excluded.penalty_b, disbanded = excluded.disbanded;
insert into public.matches (id, date, time, team_a, team_b, logo_a, logo_b, "group", gender, status, score_a, score_b, penalty_a, penalty_b, disbanded) values ('14', '2026-07-03', '4:30 PM', 'IS(A)', 'AME', 'https://res.cloudinary.com/dw7kk0lvp/image/upload/v1782749016/IS_t4dbbs.jpg', 'https://res.cloudinary.com/dw7kk0lvp/image/upload/v1782748741/AME_xb4b3q.jpg', 'A', 'Male', 'finished', 0, 1, null, null, false) on conflict (id) do update set date = excluded.date, time = excluded.time, team_a = excluded.team_a, team_b = excluded.team_b, logo_a = excluded.logo_a, logo_b = excluded.logo_b, "group" = excluded."group", gender = excluded.gender, status = (case when matches.status = 'live' then 'live' else excluded.status end), score_a = excluded.score_a, score_b = excluded.score_b, penalty_a = excluded.penalty_a, penalty_b = excluded.penalty_b, disbanded = excluded.disbanded;
insert into public.matches (id, date, time, team_a, team_b, logo_a, logo_b, "group", gender, status, score_a, score_b, penalty_a, penalty_b, disbanded) values ('15', '2026-07-03', '6:00 PM', 'AME_F', 'EcE_F', 'https://res.cloudinary.com/dw7kk0lvp/image/upload/v1782748741/AME_xb4b3q.jpg', 'https://res.cloudinary.com/dw7kk0lvp/image/upload/v1782748741/EcE_g4mp5f.jpg', 'Female', 'Female', 'finished', 0, 2, null, null, false) on conflict (id) do update set date = excluded.date, time = excluded.time, team_a = excluded.team_a, team_b = excluded.team_b, logo_a = excluded.logo_a, logo_b = excluded.logo_b, "group" = excluded."group", gender = excluded.gender, status = (case when matches.status = 'live' then 'live' else excluded.status end), score_a = excluded.score_a, score_b = excluded.score_b, penalty_a = excluded.penalty_a, penalty_b = excluded.penalty_b, disbanded = excluded.disbanded;
insert into public.matches (id, date, time, team_a, team_b, logo_a, logo_b, "group", gender, status, score_a, score_b, penalty_a, penalty_b, disbanded) values ('16', '2026-07-04', '3:00 PM', 'CE_M', 'PrE(B)', 'https://res.cloudinary.com/dw7kk0lvp/image/upload/v1782748741/CE_elxpkv.jpg', 'https://res.cloudinary.com/dw7kk0lvp/image/upload/v1782748741/PrE_rz6frk.jpg', 'B', 'Male', 'finished', 0, 1, null, null, false) on conflict (id) do update set date = excluded.date, time = excluded.time, team_a = excluded.team_a, team_b = excluded.team_b, logo_a = excluded.logo_a, logo_b = excluded.logo_b, "group" = excluded."group", gender = excluded.gender, status = (case when matches.status = 'live' then 'live' else excluded.status end), score_a = excluded.score_a, score_b = excluded.score_b, penalty_a = excluded.penalty_a, penalty_b = excluded.penalty_b, disbanded = excluded.disbanded;
insert into public.matches (id, date, time, team_a, team_b, logo_a, logo_b, "group", gender, status, score_a, score_b, penalty_a, penalty_b, disbanded) values ('17', '2026-07-04', '4:30 PM', 'EcE(B)', 'IS(B)', 'https://res.cloudinary.com/dw7kk0lvp/image/upload/v1782748741/EcE_g4mp5f.jpg', 'https://res.cloudinary.com/dw7kk0lvp/image/upload/v1782749016/IS_t4dbbs.jpg', 'B', 'Male', 'finished', 0, 2, null, null, false) on conflict (id) do update set date = excluded.date, time = excluded.time, team_a = excluded.team_a, team_b = excluded.team_b, logo_a = excluded.logo_a, logo_b = excluded.logo_b, "group" = excluded."group", gender = excluded.gender, status = (case when matches.status = 'live' then 'live' else excluded.status end), score_a = excluded.score_a, score_b = excluded.score_b, penalty_a = excluded.penalty_a, penalty_b = excluded.penalty_b, disbanded = excluded.disbanded;
insert into public.matches (id, date, time, team_a, team_b, logo_a, logo_b, "group", gender, status, score_a, score_b, penalty_a, penalty_b, disbanded) values ('18', '2026-07-06', '4:00 PM', 'IS_F', 'PrE_F', 'https://res.cloudinary.com/dw7kk0lvp/image/upload/v1782749016/IS_t4dbbs.jpg', 'https://res.cloudinary.com/dw7kk0lvp/image/upload/v1782748741/PrE_rz6frk.jpg', 'Female', 'Female', 'finished', 0, 0, null, null, false) on conflict (id) do update set date = excluded.date, time = excluded.time, team_a = excluded.team_a, team_b = excluded.team_b, logo_a = excluded.logo_a, logo_b = excluded.logo_b, "group" = excluded."group", gender = excluded.gender, status = (case when matches.status = 'live' then 'live' else excluded.status end), score_a = excluded.score_a, score_b = excluded.score_b, penalty_a = excluded.penalty_a, penalty_b = excluded.penalty_b, disbanded = excluded.disbanded;
insert into public.matches (id, date, time, team_a, team_b, logo_a, logo_b, "group", gender, status, score_a, score_b, penalty_a, penalty_b, disbanded) values ('19', '2026-07-06', '5:00 PM', 'CE_F', 'AME_F', 'https://res.cloudinary.com/dw7kk0lvp/image/upload/v1782748741/CE_elxpkv.jpg', 'https://res.cloudinary.com/dw7kk0lvp/image/upload/v1782748741/AME_xb4b3q.jpg', 'Female', 'Female', 'finished', 1, 0, null, null, false) on conflict (id) do update set date = excluded.date, time = excluded.time, team_a = excluded.team_a, team_b = excluded.team_b, logo_a = excluded.logo_a, logo_b = excluded.logo_b, "group" = excluded."group", gender = excluded.gender, status = (case when matches.status = 'live' then 'live' else excluded.status end), score_a = excluded.score_a, score_b = excluded.score_b, penalty_a = excluded.penalty_a, penalty_b = excluded.penalty_b, disbanded = excluded.disbanded;
insert into public.matches (id, date, time, team_a, team_b, logo_a, logo_b, "group", gender, status, score_a, score_b, penalty_a, penalty_b, disbanded) values ('20', '2026-07-07', '3:00 PM', 'PrE(A)', 'CE_M', 'https://res.cloudinary.com/dw7kk0lvp/image/upload/v1782748741/PrE_rz6frk.jpg', 'https://res.cloudinary.com/dw7kk0lvp/image/upload/v1782748741/CE_elxpkv.jpg', 'Semi-final', 'Male', 'finished', 0, 0, 2, 4, false) on conflict (id) do update set date = excluded.date, time = excluded.time, team_a = excluded.team_a, team_b = excluded.team_b, logo_a = excluded.logo_a, logo_b = excluded.logo_b, "group" = excluded."group", gender = excluded.gender, status = (case when matches.status = 'live' then 'live' else excluded.status end), score_a = excluded.score_a, score_b = excluded.score_b, penalty_a = excluded.penalty_a, penalty_b = excluded.penalty_b, disbanded = excluded.disbanded;
insert into public.matches (id, date, time, team_a, team_b, logo_a, logo_b, "group", gender, status, score_a, score_b, penalty_a, penalty_b, disbanded) values ('21', '2026-07-08', '3:00 PM', 'PrE(B)', 'AME', 'https://res.cloudinary.com/dw7kk0lvp/image/upload/v1782748741/PrE_rz6frk.jpg', 'https://res.cloudinary.com/dw7kk0lvp/image/upload/v1782748741/AME_xb4b3q.jpg', 'Semi-final', 'Male', 'scheduled', null, null, null, null, false) on conflict (id) do update set date = excluded.date, time = excluded.time, team_a = excluded.team_a, team_b = excluded.team_b, logo_a = excluded.logo_a, logo_b = excluded.logo_b, "group" = excluded."group", gender = excluded.gender, status = (case when matches.status = 'live' then 'live' else excluded.status end), score_a = excluded.score_a, score_b = excluded.score_b, penalty_a = excluded.penalty_a, penalty_b = excluded.penalty_b, disbanded = excluded.disbanded;
insert into public.matches (id, date, time, team_a, team_b, logo_a, logo_b, "group", gender, status, score_a, score_b, penalty_a, penalty_b, disbanded) values ('22', '2026-07-08', '5:00 PM', 'PrE_F', 'EcE_F', 'https://res.cloudinary.com/dw7kk0lvp/image/upload/v1782748741/PrE_rz6frk.jpg', 'https://res.cloudinary.com/dw7kk0lvp/image/upload/v1782748741/EcE_g4mp5f.jpg', 'Female', 'Female', 'scheduled', null, null, null, null, false) on conflict (id) do update set date = excluded.date, time = excluded.time, team_a = excluded.team_a, team_b = excluded.team_b, logo_a = excluded.logo_a, logo_b = excluded.logo_b, "group" = excluded."group", gender = excluded.gender, status = (case when matches.status = 'live' then 'live' else excluded.status end), score_a = excluded.score_a, score_b = excluded.score_b, penalty_a = excluded.penalty_a, penalty_b = excluded.penalty_b, disbanded = excluded.disbanded;
insert into public.matches (id, date, time, team_a, team_b, logo_a, logo_b, "group", gender, status, score_a, score_b, penalty_a, penalty_b, disbanded) values ('23', '2026-07-10', '4:00 PM', 'AME_F', 'IS_F', 'https://res.cloudinary.com/dw7kk0lvp/image/upload/v1782748741/AME_xb4b3q.jpg', 'https://res.cloudinary.com/dw7kk0lvp/image/upload/v1782749016/IS_t4dbbs.jpg', 'Female', 'Female', 'scheduled', null, null, null, null, false) on conflict (id) do update set date = excluded.date, time = excluded.time, team_a = excluded.team_a, team_b = excluded.team_b, logo_a = excluded.logo_a, logo_b = excluded.logo_b, "group" = excluded."group", gender = excluded.gender, status = (case when matches.status = 'live' then 'live' else excluded.status end), score_a = excluded.score_a, score_b = excluded.score_b, penalty_a = excluded.penalty_a, penalty_b = excluded.penalty_b, disbanded = excluded.disbanded;
insert into public.matches (id, date, time, team_a, team_b, logo_a, logo_b, "group", gender, status, score_a, score_b, penalty_a, penalty_b, disbanded) values ('24', '2026-07-10', '5:00 PM', 'CE_F', 'EcE_F', 'https://res.cloudinary.com/dw7kk0lvp/image/upload/v1782748741/CE_elxpkv.jpg', 'https://res.cloudinary.com/dw7kk0lvp/image/upload/v1782748741/EcE_g4mp5f.jpg', 'Female', 'Female', 'scheduled', null, null, null, null, false) on conflict (id) do update set date = excluded.date, time = excluded.time, team_a = excluded.team_a, team_b = excluded.team_b, logo_a = excluded.logo_a, logo_b = excluded.logo_b, "group" = excluded."group", gender = excluded.gender, status = (case when matches.status = 'live' then 'live' else excluded.status end), score_a = excluded.score_a, score_b = excluded.score_b, penalty_a = excluded.penalty_a, penalty_b = excluded.penalty_b, disbanded = excluded.disbanded;
insert into public.matches (id, date, time, team_a, team_b, logo_a, logo_b, "group", gender, status, score_a, score_b, penalty_a, penalty_b, disbanded) values ('25', '2026-07-12', '4:30 PM', 'CE_M', 'TBD', 'https://res.cloudinary.com/dw7kk0lvp/image/upload/v1782748741/CE_elxpkv.jpg', null, 'Final', 'Male', 'scheduled', null, null, null, null, false) on conflict (id) do update set date = excluded.date, time = excluded.time, team_a = excluded.team_a, team_b = excluded.team_b, logo_a = excluded.logo_a, logo_b = excluded.logo_b, "group" = excluded."group", gender = excluded.gender, status = (case when matches.status = 'live' then 'live' else excluded.status end), score_a = excluded.score_a, score_b = excluded.score_b, penalty_a = excluded.penalty_a, penalty_b = excluded.penalty_b, disbanded = excluded.disbanded;
insert into public.matches (id, date, time, team_a, team_b, logo_a, logo_b, "group", gender, status, score_a, score_b, penalty_a, penalty_b, disbanded) values ('26', '2026-07-12', '6:00 PM', 'TBD', 'TBD', null, null, 'Final', 'Female', 'scheduled', null, null, null, null, false) on conflict (id) do update set date = excluded.date, time = excluded.time, team_a = excluded.team_a, team_b = excluded.team_b, logo_a = excluded.logo_a, logo_b = excluded.logo_b, "group" = excluded."group", gender = excluded.gender, status = (case when matches.status = 'live' then 'live' else excluded.status end), score_a = excluded.score_a, score_b = excluded.score_b, penalty_a = excluded.penalty_a, penalty_b = excluded.penalty_b, disbanded = excluded.disbanded;

-- standings
insert into public.standings (team_id, p, w, d, l, gf, ga, gd, pts) values ('PrE(A)', 3, 1, 2, 0, 3, 2, 1, 5) on conflict (team_id) do update set p = excluded.p, w = excluded.w, d = excluded.d, l = excluded.l, gf = excluded.gf, ga = excluded.ga, gd = excluded.gd, pts = excluded.pts;
insert into public.standings (team_id, p, w, d, l, gf, ga, gd, pts) values ('IS(A)', 3, 1, 1, 1, 1, 1, 0, 4) on conflict (team_id) do update set p = excluded.p, w = excluded.w, d = excluded.d, l = excluded.l, gf = excluded.gf, ga = excluded.ga, gd = excluded.gd, pts = excluded.pts;
insert into public.standings (team_id, p, w, d, l, gf, ga, gd, pts) values ('AME', 3, 1, 1, 1, 4, 4, 0, 4) on conflict (team_id) do update set p = excluded.p, w = excluded.w, d = excluded.d, l = excluded.l, gf = excluded.gf, ga = excluded.ga, gd = excluded.gd, pts = excluded.pts;
insert into public.standings (team_id, p, w, d, l, gf, ga, gd, pts) values ('EcE(A)', 3, 1, 0, 2, 2, 3, -1, 3) on conflict (team_id) do update set p = excluded.p, w = excluded.w, d = excluded.d, l = excluded.l, gf = excluded.gf, ga = excluded.ga, gd = excluded.gd, pts = excluded.pts;
insert into public.standings (team_id, p, w, d, l, gf, ga, gd, pts) values ('IS_F', 3, 0, 3, 0, 0, 0, 0, 3) on conflict (team_id) do update set p = excluded.p, w = excluded.w, d = excluded.d, l = excluded.l, gf = excluded.gf, ga = excluded.ga, gd = excluded.gd, pts = excluded.pts;
insert into public.standings (team_id, p, w, d, l, gf, ga, gd, pts) values ('CE_F', 3, 1, 2, 0, 1, 0, 1, 5) on conflict (team_id) do update set p = excluded.p, w = excluded.w, d = excluded.d, l = excluded.l, gf = excluded.gf, ga = excluded.ga, gd = excluded.gd, pts = excluded.pts;
insert into public.standings (team_id, p, w, d, l, gf, ga, gd, pts) values ('CE_M', 3, 2, 0, 1, 6, 4, 2, 6) on conflict (team_id) do update set p = excluded.p, w = excluded.w, d = excluded.d, l = excluded.l, gf = excluded.gf, ga = excluded.ga, gd = excluded.gd, pts = excluded.pts;
insert into public.standings (team_id, p, w, d, l, gf, ga, gd, pts) values ('EcE(B)', 3, 0, 1, 2, 3, 6, -3, 1) on conflict (team_id) do update set p = excluded.p, w = excluded.w, d = excluded.d, l = excluded.l, gf = excluded.gf, ga = excluded.ga, gd = excluded.gd, pts = excluded.pts;
insert into public.standings (team_id, p, w, d, l, gf, ga, gd, pts) values ('IS(B)', 3, 1, 0, 2, 3, 5, -2, 3) on conflict (team_id) do update set p = excluded.p, w = excluded.w, d = excluded.d, l = excluded.l, gf = excluded.gf, ga = excluded.ga, gd = excluded.gd, pts = excluded.pts;
insert into public.standings (team_id, p, w, d, l, gf, ga, gd, pts) values ('PrE(B)', 3, 2, 1, 0, 4, 1, 3, 7) on conflict (team_id) do update set p = excluded.p, w = excluded.w, d = excluded.d, l = excluded.l, gf = excluded.gf, ga = excluded.ga, gd = excluded.gd, pts = excluded.pts;
insert into public.standings (team_id, p, w, d, l, gf, ga, gd, pts) values ('PrE_F', 3, 0, 3, 0, 0, 0, 0, 3) on conflict (team_id) do update set p = excluded.p, w = excluded.w, d = excluded.d, l = excluded.l, gf = excluded.gf, ga = excluded.ga, gd = excluded.gd, pts = excluded.pts;
insert into public.standings (team_id, p, w, d, l, gf, ga, gd, pts) values ('AME_F', 3, 0, 1, 2, 0, 3, -3, 1) on conflict (team_id) do update set p = excluded.p, w = excluded.w, d = excluded.d, l = excluded.l, gf = excluded.gf, ga = excluded.ga, gd = excluded.gd, pts = excluded.pts;
insert into public.standings (team_id, p, w, d, l, gf, ga, gd, pts) values ('EcE_F', 2, 1, 1, 0, 2, 0, 2, 4) on conflict (team_id) do update set p = excluded.p, w = excluded.w, d = excluded.d, l = excluded.l, gf = excluded.gf, ga = excluded.ga, gd = excluded.gd, pts = excluded.pts;

-- goal_events (historical, derived from MATCH_EVENTS + SQUADS metadata)
-- All seeded events belong to finished matches. Clear that scope first so
-- re-running is idempotent and never clobber admin-recorded live goals.
delete from public.goal_events where match_id in (select id from public.matches where status = 'finished');
insert into public.goal_events (match_id, team_id, player_id, player_number, player_name) values ('2', 'AME', 'AME_03', '10', 'မောင်ဗညားခန့်အောင်');
insert into public.goal_events (match_id, team_id, player_id, player_number, player_name) values ('2', 'EcE(A)', 'EcE_A_03', '66', 'မောင်ဟိန်းထက်နိုင်');
insert into public.goal_events (match_id, team_id, player_id, player_number, player_name) values ('2', 'EcE(A)', 'EcE_A_03', '66', 'မောင်ဟိန်းထက်နိုင်');
insert into public.goal_events (match_id, team_id, player_id, player_number, player_name) values ('4', 'CE_M', 'CE_B_03', '15', 'မောင်ဝေဖြိုးအောင်');
insert into public.goal_events (match_id, team_id, player_id, player_number, player_name) values ('4', 'CE_M', 'CE_B_15', null, 'မောင်ဟိန်းမင်းထက်');
insert into public.goal_events (match_id, team_id, player_id, player_number, player_name) values ('4', 'CE_M', 'CE_B_01', '11', 'မောင်အောင်ကောင်းပြည့်');
insert into public.goal_events (match_id, team_id, player_id, player_number, player_name) values ('4', 'EcE(B)', 'EcE_B_07', '17', 'မောင်ကျော်ကျော်ဝင်း');
insert into public.goal_events (match_id, team_id, player_id, player_number, player_name) values ('4', 'EcE(B)', 'EcE_B_13', '20', 'မောင်ဟိန်းထက်ဇော်');
insert into public.goal_events (match_id, team_id, player_id, player_number, player_name) values ('5', 'PrE(B)', 'PrE_B_10', '21', 'မောင်သန်းထိုက်ဦး');
insert into public.goal_events (match_id, team_id, player_id, player_number, player_name) values ('5', 'PrE(B)', 'PrE_B_10', '21', 'မောင်သန်းထိုက်ဦး');
insert into public.goal_events (match_id, team_id, player_id, player_number, player_name) values ('7', 'IS(A)', 'IS_A_14', '96', 'အာရွန်ရိုလျန်ဆန်း');
insert into public.goal_events (match_id, team_id, player_id, player_number, player_name) values ('8', 'PrE(A)', 'PrE_A_03', '7', 'မောင်လှိုင်မျိုး');
insert into public.goal_events (match_id, team_id, player_id, player_number, player_name) values ('8', 'PrE(A)', 'PrE_A_03', '7', 'မောင်လှိုင်မျိုး');
insert into public.goal_events (match_id, team_id, player_id, player_number, player_name) values ('8', 'AME', 'AME_03', '10', 'မောင်ဗညားခန့်အောင်');
insert into public.goal_events (match_id, team_id, player_id, player_number, player_name) values ('8', 'AME', 'AME_09', '7', 'မောင်မင်းခန့်ကျော်');
insert into public.goal_events (match_id, team_id, player_id, player_number, player_name) values ('10', 'EcE(B)', 'EcE_B_10', '19', 'မောင်ဘုန်းမြင့်ဇော်');
insert into public.goal_events (match_id, team_id, player_id, player_number, player_name) values ('10', 'PrE(B)', 'PrE_B_13', '49', 'မောင်ထိန်လင်းဖြိုး');
insert into public.goal_events (match_id, team_id, player_id, player_number, player_name) values ('11', 'CE_M', 'CE_B_03', '15', 'မောင်ဝေဖြိုးအောင်');
insert into public.goal_events (match_id, team_id, player_id, player_number, player_name) values ('11', 'CE_M', 'CE_B_03', '15', 'မောင်ဝေဖြိုးအောင်');
insert into public.goal_events (match_id, team_id, player_id, player_number, player_name) values ('11', 'CE_M', 'CE_B_13', '19', 'မောင်မျိုးကိုကို');
insert into public.goal_events (match_id, team_id, player_id, player_number, player_name) values ('11', 'IS(B)', 'IS_B_10', '67', 'ငြိမ်းချမ်းအောင်');
insert into public.goal_events (match_id, team_id, player_id, player_number, player_name) values ('13', 'PrE(A)', 'PrE_A_09', '26', 'မောင်ရာဇာဖြိုး');
insert into public.goal_events (match_id, team_id, player_id, player_number, player_name) values ('14', 'AME', 'AME_03', '10', 'မောင်ဗညားခန့်အောင်');
insert into public.goal_events (match_id, team_id, player_id, player_number, player_name) values ('15', 'EcE_F', 'EcE_F_09', '17', 'မလချစ်ဒေါင်နော');
insert into public.goal_events (match_id, team_id, player_id, player_number, player_name) values ('15', 'EcE_F', 'EcE_F_06', '15', 'မမေသန္တာကို');
insert into public.goal_events (match_id, team_id, player_id, player_number, player_name) values ('17', 'IS(B)', 'IS_B_14', '10', 'ဘုန်းလျှံဆွေ');
insert into public.goal_events (match_id, team_id, player_id, player_number, player_name) values ('17', 'IS(B)', 'IS_B_10', '67', 'ငြိမ်းချမ်းအောင်');
insert into public.goal_events (match_id, team_id, player_id, player_number, player_name) values ('19', 'CE_F', 'CE_F_05', '11', 'မဆုထက်မြတ်နိုး');

commit;
